 CoordinateX,Density,Velocity,Pressure,DummyOutput 
    0.005000000,    1.000000000,    0.000000000,    0.010000000,    0.000000000
    0.015000000,    1.000000000,    0.000000000,    0.010000000,    0.000000000
    0.025000000,    1.000000000,    0.000000000,    0.010000000,    0.000000000
    0.035000000,    1.000000000,    0.000000000,    0.010000000,    0.000000000
    0.045000000,    1.000000000,    0.000000000,    0.010000000,    0.000000000
    0.055000000,    1.000000000,    0.000000000,    0.010000000,    0.000000000
    0.065000000,    1.000000000,    0.000000000,    0.010000000,    0.000000000
    0.075000000,    1.000000000,    0.000000000,    0.010000000,    0.000000000
    0.085000000,    1.000000000,    0.000000000,    0.010000000,    0.000000000
    0.095000000,    1.000000000,    0.000000000,    0.010000000,    0.000000000
    0.105000000,    1.000000000,    0.000000000,    0.010000000,    0.000000000
    0.115000000,    1.000000000,    0.000000000,    0.010000000,    0.000000000
    0.125000000,    1.000000000,    0.000000000,    0.010000000,    0.000000000
    0.135000000,    1.000000000,    0.000000000,    0.010000000,    0.000000000
    0.145000000,    1.000000000,   -0.000000000,    0.010000000,    0.000000000
    0.155000000,    1.000000000,   -0.000000000,    0.010000000,    0.000000000
    0.165000000,    1.000000005,   -0.000000001,    0.010000000,    0.000000000
    0.175000000,    1.000258898,   -0.000045910,    0.010004977,    0.000000000
    0.185000000,    1.038517326,   -0.105716618,    0.177017826,    0.000000000
    0.195000000,    1.476959669,   -3.695252591,   21.526570614,    0.000000000
    0.205000000,    2.788520778,  -11.756991561,  146.358425434,    0.000000000
    0.215000000,    4.026793590,  -16.600144118,  307.535450336,    0.000000000
    0.225000000,    4.446369642,  -18.642671577,  403.617813641,    0.000000000
    0.235000000,    4.265647971,  -19.387507959,  443.035898109,    0.000000000
    0.245000000,    3.806873648,  -19.630653842,  455.615430611,    0.000000000
    0.255000000,    3.250753104,  -19.701013746,  458.656113483,    0.000000000
    0.265000000,    2.685592940,  -19.719119928,  459.026235809,    0.000000000
    0.275000000,    2.160312200,  -19.724080610,  458.857349187,    0.000000000
    0.285000000,    1.705253319,  -19.727571928,  458.620149601,    0.000000000
    0.295000000,    1.336868195,  -19.732360453,  458.384759959,    0.000000000
    0.305000000,    1.058499748,  -19.737515916,  458.191509815,    0.000000000
    0.315000000,    0.862439401,  -19.742285982,  458.046443733,    0.000000000
    0.325000000,    0.733931077,  -19.746991861,  457.926863814,    0.000000000
    0.335000000,    0.655710404,  -19.751997398,  457.815351707,    0.000000000
    0.345000000,    0.611601964,  -19.757499064,  457.702288867,    0.000000000
    0.355000000,    0.588621169,  -19.763534775,  457.583615151,    0.000000000
    0.365000000,    0.577593241,  -19.770025822,  457.458776659,    0.000000000
    0.375000000,    0.572735738,  -19.776842006,  457.329067369,    0.000000000
    0.385000000,    0.570776552,  -19.783859064,  457.196148417,    0.000000000
    0.395000000,    0.570048859,  -19.791004276,  457.061035247,    0.000000000
    0.405000000,    0.569788371,  -19.798271647,  456.923637725,    0.000000000
    0.415000000,    0.569680482,  -19.805713126,  456.782874089,    0.000000000
    0.425000000,    0.569609642,  -19.813411260,  456.637123568,    0.000000000
    0.435000000,    0.569538331,  -19.821459050,  456.484613495,    0.000000000
    0.445000000,    0.569455598,  -19.829959844,  456.323370596,    0.000000000
    0.455000000,    0.569357219,  -19.839071196,  456.150349295,    0.000000000
    0.465000000,    0.569237915,  -19.849099336,  455.959585602,    0.000000000
    0.475000000,    0.569087104,  -19.860648544,  455.739317363,    0.000000000
    0.485000000,    0.568885175,  -19.874816577,  455.468233278,    0.000000000
    0.495000000,    0.568600206,  -19.893393392,  455.111757147,    0.000000000
    0.505000000,    0.568187444,  -19.918926417,  454.621016496,    0.000000000
    0.515000000,    0.567596908,  -19.954363604,  453.940185223,    0.000000000
    0.525000000,    0.566796489,  -20.001849126,  453.030276948,    0.000000000
    0.535000000,    0.565814008,  -20.060406103,  451.913903716,    0.000000000
    0.545000000,    0.564786479,  -20.123021901,  450.729919083,    0.000000000
    0.555000000,    0.563983888,  -20.174892763,  449.763756979,    0.000000000
    0.565000000,    0.563771537,  -20.195053175,  449.413113409,    0.000000000
    0.575000000,    0.564509757,  -20.161933582,  450.083178107,    0.000000000
    0.585000000,    0.566444488,  -20.060109997,  452.065040645,    0.000000000
    0.595000000,    0.569655443,  -19.884083823,  455.471665356,    0.000000000
    0.605000000,    0.574075507,  -19.637640169,  460.251912099,    0.000000000
    0.615000000,    0.579549922,  -19.330389747,  466.251828757,    0.000000000
    0.625000000,    0.585895656,  -18.974003439,  473.279798877,    0.000000000
    0.635000000,    0.592940978,  -18.579590315,  481.151768236,    0.000000000
    0.645000000,    0.600544239,  -18.156412794,  489.713895818,    0.000000000
    0.655000000,    0.608598591,  -17.711545063,  498.849353434,    0.000000000
    0.665000000,    0.617029377,  -17.250032134,  508.476575658,    0.000000000
    0.675000000,    0.625788569,  -16.775250155,  518.543852022,    0.000000000
    0.685000000,    0.634848528,  -16.289309099,  529.022866517,    0.000000000
    0.695000000,    0.644196115,  -15.793426476,  539.902390152,    0.000000000
    0.705000000,    0.653827581,  -15.288244521,  551.182647023,    0.000000000
    0.715000000,    0.663744400,  -14.774082648,  562.870578094,    0.000000000
    0.725000000,    0.673950074,  -14.251125626,  574.976090987,    0.000000000
    0.735000000,    0.684447877,  -13.719552661,  587.509296066,    0.000000000
    0.745000000,    0.695239425,  -13.179615831,  600.478653849,    0.000000000
    0.755000000,    0.706323922,  -12.631678343,  613.889896964,    0.000000000
    0.765000000,    0.717697911,  -12.076223850,  627.745550725,    0.000000000
    0.775000000,    0.729355348,  -11.513847480,  642.044864232,    0.000000000
    0.785000000,    0.741287844,  -10.945237629,  656.783975091,    0.000000000
    0.795000000,    0.753484963,  -10.371155569,  671.956156666,    0.000000000
    0.805000000,    0.765934460,   -9.792417830,  687.552027505,    0.000000000
    0.815000000,    0.778622405,   -9.209884592,  703.559629849,    0.000000000
    0.825000000,    0.791533146,   -8.624456145,  719.964302551,    0.000000000
    0.835000000,    0.804649048,   -8.037078801,  736.748280140,    0.000000000
    0.845000000,    0.817949986,   -7.448761597,  753.889942308,    0.000000000
    0.855000000,    0.831412503,   -6.860605540,  771.362615347,    0.000000000
    0.865000000,    0.845008570,   -6.273848088,  789.132786914,    0.000000000
    0.875000000,    0.858703798,   -5.689926968,  807.157535672,    0.000000000
    0.885000000,    0.872454927,   -5.110569363,  825.380896820,    0.000000000
    0.895000000,    0.886206343,   -4.537914642,  843.728790475,    0.000000000
    0.905000000,    0.899885346,   -3.974680724,  862.102064887,    0.000000000
    0.915000000,    0.913395893,   -3.424383762,  880.367249805,    0.000000000
    0.925000000,    0.926610898,   -2.891613911,  898.345020914,    0.000000000
    0.935000000,    0.939363961,   -2.382346479,  915.797630520,    0.000000000
    0.945000000,    0.951443365,   -1.904211884,  932.419365060,    0.000000000
    0.955000000,    0.962594280,   -1.466544360,  947.838792390,    0.000000000
    0.965000000,    0.972538335,   -1.079899291,  961.646430177,    0.000000000
    0.975000000,    0.981019253,   -0.754679929,  973.460770703,    0.000000000
    0.985000000,    0.987864302,   -0.499016744,  983.018955899,    0.000000000
    0.995000000,    0.993248070,   -0.310274670,  990.538097618,    0.000000000

